gene_name,epoch,loss
Myo1b,9,0.64577436
Myo1b,19,0.39248922
Myo1b,29,0.40398192
Myo1b,39,0.24844213
Myo1b,49,0.18578455
Myo1b,59,0.09908524
Myo1b,69,0.05033521
Myo1b,79,0.10563322
Myo1b,89,0.0399575
Myo1b,99,0.03630949
Myo1b,109,0.021922793
Myo1b,119,0.03265158
Myo1b,129,0.023042781
Myo1b,139,0.05063692
